849a494c-30f6-44c7-b0fb-483b9e56d9ed|property_report_7|Отчет по имуществу организации
8b347b79-9116-4d4c-b2dd-71ee96127c35|vehicle_tax_31|Отчет по транспортному налогу
accfc5ed-ac80-45ec-8713-0a503de96d2d|property_report_36|Отчет по имуществу организации
55da513b-0e30-4edb-9946-e45f25b480f9|vat_returns_50|Отчет по возврату НДС
17c7646a-b723-4392-b48b-36bfc51a88cf|vat_returns_40|Отчет по возврату НДС
49379940-a117-4d5e-9e43-a2c6a182d1f1|vat_returns_90|Отчет по возврату НДС
79849ddd-7ba2-4d23-b135-62f3f4df313d|tax_summary_55|Сводный отчет по налоговым начислениям
cf48fbee-de12-40a3-873b-6ce4fa4d153b|clients1_28|Список клиентов в разрезе регионов
5720769f-829c-4373-a40b-ed83afb254e5|clients1_94|Список клиентов в разрезе регионов
0d7b2ef9-a26f-43c4-9e3b-be8df7a9ce7b|property_report_87|Отчет по имуществу организации
c6b9a4bd-8b13-4a27-b0b8-5c6d99a36a37|tax_summary_26|Сводный отчет по налоговым начислениям
fca8ef48-f489-4afc-affe-2371afefc96f|vat_returns_49|Отчет по возврату НДС
6a2cb373-2294-4efb-ae6f-41af35ea73ad|property_report_77|Отчет по имуществу организации
74360ed8-573a-48eb-909f-e5e57486ca7a|clients1_38|Список клиентов в разрезе регионов
dc8fd380-536a-4f46-b25b-3f66235dad0d|property_report_85|Отчет по имуществу организации
71d7b126-f9c6-4c66-9eb4-2ca3077b93e9|employees_95|Число работников компании в разрезе регионов РФ
50df62f9-c6c7-4cb1-a19b-1da166ae9322|employees_70|Число работников компании в разрезе регионов РФ
e039116b-e070-4820-9496-18ba2101bfb9|clients1_69|Список клиентов в разрезе регионов
7d4e0bee-cbc0-48ed-a67b-23a274eac9ed|profit_by_branch_65|Прибыль по филиалам
73ec3054-b870-4f92-9543-f2ca98f29ce6|property_report_16|Отчет по имуществу организации
bfaa5a07-1ede-4683-bcba-fd31c2ebf359|debt_dynamics_18|Динамика задолженности по налогам
3230a079-b485-4014-9b12-669d1ae21e61|vehicle_tax_92|Отчет по транспортному налогу
3844dc34-da02-4a6a-8729-5ede62100faa|debt_dynamics_91|Динамика задолженности по налогам
32f1ab25-4ddf-41de-9f91-7f9aa2ff475f|clients1_94|Список клиентов в разрезе регионов
51cfb63c-66eb-4ee3-b635-c6d9e7804b7c|ndfl2_year_91|Справка о доходах компании в разрезе года
385738ab-739a-4052-8bbf-f4b8840a9d2d|ndfl2_year_68|Справка о доходах компании в разрезе года
f3ae32b1-bc1d-481b-b2a3-3689c845c8bd|debt_dynamics_81|Динамика задолженности по налогам
ae5c97c7-b46a-4c1a-b02c-0acaf47705ac|ndfl2_year_55|Справка о доходах компании в разрезе года
04d881d8-d0b1-42e1-af00-9864e3fa2d93|debt_dynamics_55|Динамика задолженности по налогам
50bff2ec-ea2c-4f4c-a5ad-5bb86488c7df|tax_summary_12|Сводный отчет по налоговым начислениям
7ed6bd57-61c3-4683-95ac-d37fcd8b371e|property_report_98|Отчет по имуществу организации
6eab1629-d02b-4e8e-9a58-2e69f257b5fd|tax_summary_8|Сводный отчет по налоговым начислениям
5be308e2-6b0e-4c81-a2c2-297476408be5|income_regions_50|Доходы компании по регионам
a1cc0cc0-09c1-4271-9aa3-369167d3a0f9|debt_dynamics_47|Динамика задолженности по налогам
b31ccc7b-ae07-4aec-a9b5-fe6c1a501aca|debt_dynamics_11|Динамика задолженности по налогам
4955370b-6ab1-4c0e-b41a-f7cd29e9d45f|vat_returns_90|Отчет по возврату НДС
19d24b2a-4798-4815-b09f-d84586a6596f|property_report_44|Отчет по имуществу организации
7c22aedc-4006-4880-b5cd-0440ad4088cc|ndfl2_year_19|Справка о доходах компании в разрезе года
6a18a68d-4958-4d9b-941e-b2dd42ee850d|employees_57|Число работников компании в разрезе регионов РФ
16a6ef5f-a046-48ef-92c2-edea46fe061b|tax_summary_45|Сводный отчет по налоговым начислениям
ccc88c93-b51f-4dcb-8ac8-4b88baf0bbf5|income_regions_5|Доходы компании по регионам
0706062e-f070-4965-8013-fa6c5b804f77|vat_returns_90|Отчет по возврату НДС
13d2425c-b181-4744-83bc-32c78b82df6a|profit_by_branch_9|Прибыль по филиалам
da1a1048-2af9-48f2-a74d-fb6d8b2f6cec|vat_returns_48|Отчет по возврату НДС
21311133-e7ac-48d2-b770-22f40270a656|vat_returns_20|Отчет по возврату НДС
c811fc0a-7467-4df8-8d8d-7cbd0fe4aa61|profit_by_branch_69|Прибыль по филиалам
fbb84caf-c78d-4418-8ef0-1bc4a5f0381c|tax_summary_32|Сводный отчет по налоговым начислениям
0f4a3046-b9b3-4ba2-875c-afc188494f54|property_report_63|Отчет по имуществу организации
3cb04202-0fec-43bf-90aa-e32adbf8a6f2|debt_dynamics_11|Динамика задолженности по налогам
71ab133b-3ac5-4cf1-930e-2a167d38efd0|clients1_17|Список клиентов в разрезе регионов
a12a49a0-1467-491b-bd2a-b6f28370bd82|clients1_45|Список клиентов в разрезе регионов
105c1729-614b-4d5e-9303-bdd9bc13ab6f|clients1_74|Список клиентов в разрезе регионов
9ef60f60-7643-4257-af02-1173eae060f2|clients1_56|Список клиентов в разрезе регионов
e7dcc7fa-d165-4f67-8e10-41dd3f20f687|profit_by_branch_73|Прибыль по филиалам
cb7d52dd-940a-4368-8814-4f8bb38aa544|debt_dynamics_95|Динамика задолженности по налогам
b2e46828-5674-4a50-986d-57e7175ae8fc|income_regions_42|Доходы компании по регионам
1fd76f29-7514-41c7-82df-ac356a469188|ndfl2_year_35|Справка о доходах компании в разрезе года
b88892b0-1aa5-4906-99d4-2e82f4941e82|vehicle_tax_39|Отчет по транспортному налогу
e39543f5-f550-4ddf-83cc-e7e9f96f562a|clients1_72|Список клиентов в разрезе регионов
54a62bd0-bc49-4fe3-9e79-c53e16bf306d|clients1_13|Список клиентов в разрезе регионов
f60cfd17-835c-4c9b-9863-8b0fd2b2ca19|employees_42|Число работников компании в разрезе регионов РФ
e62a437d-3494-4844-8a6e-7bf28c83275a|employees_7|Число работников компании в разрезе регионов РФ
6818ae0e-b63a-43a8-a330-7d327c42b25b|ndfl2_year_89|Справка о доходах компании в разрезе года
02145f68-36be-44a8-8fda-fcbd3f925ca5|vat_returns_82|Отчет по возврату НДС
a89473c0-8832-4f64-a007-d24f7fce2e35|employees_15|Число работников компании в разрезе регионов РФ
313333a2-2d5e-46c9-b2a0-f88871a733be|clients1_54|Список клиентов в разрезе регионов
605b3314-8aa9-4894-a075-123343a1aa23|debt_dynamics_81|Динамика задолженности по налогам
1f18838e-7f15-48d1-b1df-e289abb1d43e|vat_returns_19|Отчет по возврату НДС
3bbb6c20-a56f-479b-b2b2-f4d19ceeafe2|vehicle_tax_56|Отчет по транспортному налогу
be8c5db0-3264-4c03-b669-156c6b834528|debt_dynamics_72|Динамика задолженности по налогам
4a50d330-5ba3-4110-89c6-6ab421fa8044|employees_94|Число работников компании в разрезе регионов РФ
5a980738-17d9-4712-8113-800a93d0c422|income_regions_11|Доходы компании по регионам
5143426d-16fc-4539-97e9-567de469d00a|property_report_90|Отчет по имуществу организации
9ae9ae44-92c9-4dcc-a89f-2d6d0ee113f3|vehicle_tax_59|Отчет по транспортному налогу
34bcf00b-a2b3-4a7a-b811-53ff14a9e0c2|vehicle_tax_88|Отчет по транспортному налогу
4dab079f-59da-4ffc-850b-3bd19ee772ee|vehicle_tax_3|Отчет по транспортному налогу
2175e1a7-ae83-4a64-9605-a598252021f7|income_regions_62|Доходы компании по регионам
e33de498-f44b-44dc-80bd-445f193e1df7|property_report_64|Отчет по имуществу организации
b01131ed-5119-4179-9be8-0fe219b50fd2|vehicle_tax_26|Отчет по транспортному налогу
b2701d08-e374-4ffb-8c95-08d7b1f7275a|property_report_98|Отчет по имуществу организации
71af574d-f23f-4a74-b54e-33675d567bb3|vehicle_tax_6|Отчет по транспортному налогу
4b76b118-7edc-4228-940b-31da48cfa42e|vehicle_tax_1|Отчет по транспортному налогу
088ff29e-3a11-4eff-a3a5-a30db3e85be8|income_regions_61|Доходы компании по регионам
046d713a-98f2-44f7-b0cc-8f2b5e7bac16|property_report_5|Отчет по имуществу организации
abf687b2-b00b-4b21-8bb8-a16f4c0b8a79|profit_by_branch_48|Прибыль по филиалам
640f0388-b7df-4adf-b3da-6b2d8e9e20f6|vehicle_tax_95|Отчет по транспортному налогу
0b73826c-056d-40cc-9f85-b8133298ef9a|ndfl2_year_30|Справка о доходах компании в разрезе года
b1238937-4b25-493c-980f-24ea3b4098f9|tax_summary_32|Сводный отчет по налоговым начислениям
eaf55584-f9d8-4387-9ead-9825d9d8ed05|tax_summary_43|Сводный отчет по налоговым начислениям
6adab6b4-9e0c-48d0-ac87-426ceefb8c12|income_regions_97|Доходы компании по регионам
01ae319d-1326-401b-a8cf-15bfde088ba0|vat_returns_47|Отчет по возврату НДС
26b12994-ea91-4dd8-bd22-3774cb0de335|ndfl2_year_18|Справка о доходах компании в разрезе года
0f7804f3-c781-4db9-b58c-53e498c4a774|property_report_86|Отчет по имуществу организации
fd47cbe5-17a1-4ef0-b81f-4112553c8da2|profit_by_branch_61|Прибыль по филиалам
ee0a3023-d2b8-424f-9a8e-288be113275f|income_regions_8|Доходы компании по регионам
a2f1e257-d0d2-4590-8d4b-15c449cddfb9|ndfl2_year_67|Справка о доходах компании в разрезе года
0fa653f3-4155-4dfe-bd36-4a4f048f2705|debt_dynamics_25|Динамика задолженности по налогам
b6dad625-3fbd-442c-b8e0-31e0e853afe0|clients1_58|Список клиентов в разрезе регионов
c2d8d8a4-43d0-49a1-a359-8b6193bf5f36|property_report_56|Отчет по имуществу организации
043e8327-82ae-4ec8-b0a0-f9093840d3d7|property_report_1|Отчет по имуществу организации
25a05d25-230d-4d63-8893-98dee387e014|vat_returns_54|Отчет по транспортному налогу
584d2c97-09fc-4ef8-b03b-5bdf9e9396f5|ndfl2_year_51|Число работников компании в разрезе регионов РФ
32339a93-facc-44e3-97b6-03539fa1bacb|vat_returns_56|Отчет по возврату НДС
df0a1af9-0549-4aa9-af08-cf15b42558b2|vehicle_tax_95|Справка о доходах компании в разрезе года
fd209edf-ad00-466a-98af-315793a85f1d|clients1_76|Справка о доходах компании в разрезе года
4ae615c1-d09d-4144-8f75-0df747c651a5|vehicle_tax_13|Число работников компании в разрезе регионов РФ
fa95a58f-6b52-4d4c-a2a1-418e18803507|clients1_42|Отчет по транспортному налогу
502acdc6-e9f6-4e4b-a153-6afe094105da|property_report_52|Отчет по транспортному налогу
f0cfd1fd-0482-4aee-bdc8-df319385a4bb|income_regions_49|Справка о доходах компании в разрезе года
e0de8328-8253-464e-87a0-ce9058a94d2f|clients1_28|Отчет по транспортному налогу
264961a5-7972-4594-9868-ca256b9c68d7|employees_94|Динамика задолженности по налогам
74c503e5-8dad-4100-ae4f-1831457567a1|ndfl2_year_15|Отчет по транспортному налогу
aca77c3e-6077-4681-8646-890bf1aa1290|vat_returns_63|Отчет по транспортному налогу
76caa1cc-b87f-4c42-a8fd-e92e37ab33ba|clients1_25|Отчет по возврату НДС
0a5194a4-d22a-4465-9a64-3c46c6c37364|profit_by_branch_28|Прибыль по филиалам
bf5b25f6-43bf-48b9-bdac-46806e8fa83a|income_regions_24|Список клиентов в разрезе регионов
79817cbf-3383-41ee-80cd-689a404834e5|property_report_59|Отчет по возврату НДС
e9233f8b-8d09-46da-9b66-368fe1283ecd|property_report_32|Отчет по имуществу организации
9c293a0c-7625-406a-9baf-0d77cc7af941|vat_returns_43|Справка о доходах компании в разрезе года
564a681a-3a6c-4ca0-97d1-20b1fab2f0c5|debt_dynamics_19|Прибыль по филиалам
2b35d41f-2a90-4b09-b278-e1d2760cc9b2|profit_by_branch_88|Справка о доходах компании в разрезе года
93eecf44-2392-4435-8725-8ca66af327b5|property_report_82|Отчет по транспортному налогу
bd04279d-16f0-4378-9ada-7cc5ba4972eb|income_regions_97|Отчет по возврату НДС
aaffc83d-b396-4747-bea4-ee67430f3225|clients1_15|Сводный отчет по налоговым начислениям
2d480a8d-a1a2-408b-baad-a50ee479b083|employees_93|Отчет по транспортному налогу
42af8cb9-60cd-476d-bfb1-abfc7c04000b|ndfl2_year_41|Отчет по имуществу организации
d1fc324a-1ffe-4133-a039-ad396581aa6b|clients1_54|Динамика задолженности по налогам
90c44c64-af4e-43a9-ac8a-157562239de6|debt_dynamics_32|Доходы компании по регионам
60ece67e-cdb2-44a4-a578-5b7d09dc502d|vat_returns_39|Число работников компании в разрезе регионов РФ
b21caefc-e3ad-4509-a123-607a017cda2c|property_report_64|Число работников компании в разрезе регионов РФ
50ff96f4-55b1-41a4-8d83-53e2240dab8e|ndfl2_year_28|Отчет по возврату НДС
5acd3dcb-b9ee-4376-a552-7ffd294d139d|clients1_14|Отчет по транспортному налогу
45ae3108-692e-4876-84b9-d6199ef2114f|property_report_78|Число работников компании в разрезе регионов РФ
5148427d-e169-4699-a41c-bc80c5d65d3d|employees_48|Число работников компании в разрезе регионов РФ
fd111995-41cd-4d76-a63b-78ce22902637|ndfl2_year_34|Доходы компании по регионам
ce984172-5ab5-4202-99ca-2b1b446020d5|profit_by_branch_66|Справка о доходах компании в разрезе года
0b57d602-5aa4-406b-80f6-bbf1438ad0cc|vat_returns_36|Сводный отчет по налоговым начислениям
d0ad77aa-7db0-4df0-9101-1a2b80d75615|vehicle_tax_99|Прибыль по филиалам
7d1bb02c-4b29-4a81-aa60-d31ef81e5e31|clients1_30|Отчет по имуществу организации
c694963a-9bcf-41ce-9182-7d932d32a0a5|vehicle_tax_36|Сводный отчет по налоговым начислениям
c0d59f3a-0ec2-4f75-89a9-91848ddf5d08|tax_summary_100|Список клиентов в разрезе регионов
bb819977-174f-4142-a824-182136b93806|debt_dynamics_4|Отчет по имуществу организации
6c6ed1cc-b85e-4d0c-a7f3-bc545d99a6d9|property_report_2|Список клиентов в разрезе регионов
bacc2bd7-3e1d-4615-95d8-3b511c14fcb1|clients1_18|Справка о доходах компании в разрезе года
c607d7d6-139d-4476-9ef7-3d7f53f7ce62|property_report_18|Отчет по имуществу организации
476c56d6-30ab-4a89-96c4-f8f2f0d37e6e|debt_dynamics_16|Справка о доходах компании в разрезе года
3f135f80-df44-4deb-bb45-03ca6ec5b0cd|property_report_66|Отчет по имуществу организации
69525e68-d73b-4fb1-9181-0df4a414e677|vehicle_tax_74|Прибыль по филиалам
25d1dcff-3693-4743-b31c-0b5ceb4deb5c|ndfl2_year_73|Отчет по транспортному налогу
0a2ebe12-3b75-44b0-93bb-2370eb9439eb|vat_returns_7|Сводный отчет по налоговым начислениям
be2bed56-eb57-4d78-8451-5e3e54b13cb2|vehicle_tax_50|Список клиентов в разрезе регионов
5e2e08ee-0a0a-4655-888e-58a637353aa6|property_report_33|Прибыль по филиалам
048d19f8-336f-45d8-a351-a71cce509e5c|vat_returns_23|Отчет по транспортному налогу
fea49864-4832-414e-8fc0-7899736da0ea|property_report_83|Прибыль по филиалам
7dd0529c-5756-4296-8b16-3759f8322d58|income_regions_49|Доходы компании по регионам
70b91a81-6162-4ca5-9162-d74aaf5203ce|ndfl2_year_23|Число работников компании в разрезе регионов РФ
8fcc7e82-658b-4505-b29b-9dd753e94882|vehicle_tax_57|Сводный отчет по налоговым начислениям
e882703a-b87c-439c-9064-30cf065f74ec|ndfl2_year_84|Отчет по имуществу организации
e660ff05-3300-4076-b2c4-a539b606f9b1|ndfl2_year_1|Прибыль по филиалам
7956a5fb-cd89-49b9-9723-7bb8c32bf61d|property_report_80|Справка о доходах компании в разрезе года
63f4966f-f6df-47f0-914b-cd581bd42381|income_regions_81|Отчет по транспортному налогу
b33729ba-f3b0-4f10-87db-3787e384391a|ndfl2_year_72|Отчет по транспортному налогу
159962a6-1ac7-4f8c-9257-c8fe56ada286|employees_60|Динамика задолженности по налогам
a6a0d4b8-d730-47aa-af05-081bbbde68be|income_regions_79|Сводный отчет по налоговым начислениям
d147df7c-83a8-46a9-b59f-271a6d4844e1|tax_summary_63|Справка о доходах компании в разрезе года
3bcc74a9-533a-452a-9d34-d187cc582c78|employees_60|Динамика задолженности по налогам
f66f44ff-0c6c-4de5-b96c-421548952027|debt_dynamics_75|Сводный отчет по налоговым начислениям
cfb3ab7e-02a7-4d76-9fd7-e81ba280f9a5|vehicle_tax_30|Сводный отчет по налоговым начислениям
eea9240e-17cd-4664-a1cb-55c16a6dd696|ndfl2_year_66|Список клиентов в разрезе регионов
a61fe635-c7a3-4a43-b787-63288bd0bb73|ndfl2_year_6|Отчет по имуществу организации
f5a30cd7-03d3-4450-806f-339a47805795|income_regions_90|Число работников компании в разрезе регионов РФ
e89646b7-3f9f-43b8-aebd-0b4372a2022f|clients1_99|Список клиентов в разрезе регионов
bee2faf4-de66-4e56-bf08-d795331fb6e3|vehicle_tax_72|Доходы компании по регионам
72cbdcf7-9e90-47dc-930d-053cdda3c6b0|property_report_10|Список клиентов в разрезе регионов
38ecda0e-797c-4f68-a05b-08e072c0847e|tax_summary_34|Число работников компании в разрезе регионов РФ
744a73de-15e8-4e57-9287-822338ad298f|debt_dynamics_57|Отчет по возврату НДС
ec5cf3cf-7531-4e6b-a45a-cb5b8521f06b|property_report_23|Отчет по возврату НДС
5da9e67c-2d07-442b-b2c9-ae784c89def9|vehicle_tax_45|Сводный отчет по налоговым начислениям
94376c1d-73b7-4b45-8ea9-04212f9d38cb|employees_91|Динамика задолженности по налогам
2f266b48-fb2e-45c3-8fc1-ae3047941e2e|property_report_46|Динамика задолженности по налогам
ae6289c6-4914-4f72-8301-234b09d7e651|clients1_79|Список клиентов в разрезе регионов
259744b4-161e-416a-882b-0eadf4ef3976|ndfl2_year_95|Отчет по имуществу организации
65263618-a02b-48f0-809b-effa28f3aa69|property_report_30|Справка о доходах компании в разрезе года
05512694-2f15-4d63-b8e7-008b8756fc4b|debt_dynamics_88|Отчет по транспортному налогу
4110cd3c-6772-42ab-9bb3-08a000a2d3c6|debt_dynamics_47|Доходы компании по регионам
835d677d-7bd8-47da-9de7-14c5f91fa5aa|vehicle_tax_100|Число работников компании в разрезе регионов РФ
5d406b60-250a-4cf2-8305-5c2f8961f2b1|property_report_98|Число работников компании в разрезе регионов РФ
27bc77a5-aa9a-4b52-9ae5-3670f5507ddc|debt_dynamics_35|Число работников компании в разрезе регионов РФ
6042ab94-24d2-4bf2-8438-7e71c12e8d0b|ndfl2_year_71|Число работников компании в разрезе регионов РФ
d440dc46-9c75-4ee9-8da3-0d86d2842d4d|vehicle_tax_11|Отчет по возврату НДС
24428a5e-0fd6-46f4-a56f-f71893e19429|profit_by_branch_26|Сводный отчет по налоговым начислениям
df17682f-4859-4ada-8b03-b1faaea0cbe1|vat_returns_48|Сводный отчет по налоговым начислениям
171bdbc1-260e-46df-8799-e4f927797e98|vehicle_tax_46|Отчет по имуществу организации
a96671dd-eec3-40c2-925a-22b8e7d21fe8|ndfl2_year_4|Сводный отчет по налоговым начислениям
6a934281-9484-4114-bbb2-d6afc9da958b|debt_dynamics_25|Список клиентов в разрезе регионов
50647cf1-2dc2-4aad-be58-95aa3286c277|employees_96|Прибыль по филиалам
92ae4517-1985-42ad-9f3f-1d1abfcb8662|employees_2|Справка о доходах компании в разрезе года
48b7c1dc-10a4-4956-a9b9-56615887e788|tax_summary_8|Отчет по транспортному налогу
9eb6bdfe-73ab-4342-a37a-4ad3b06d6cd5|income_regions_95|Список клиентов в разрезе регионов
e7be7b38-d496-4a4b-9912-f4d7656447d2|vat_returns_19|Отчет по возврату НДС
5bb90bcd-0cd1-49ef-ae78-0bc5eeb9104d|property_report_71|Динамика задолженности по налогам
c03e3c82-6bb6-41fb-91dd-6df63b06f91e|employees_43|Сводный отчет по налоговым начислениям
6c56b8fa-d350-4c96-bde7-c1fa4c936d7c|property_report_53|Отчет по имуществу организации
3d3ffc13-f9a7-4ba4-927d-9b7893c9f888|employees_59|Число работников компании в разрезе регионов РФ
fe2b6935-a47d-4386-8315-aff38cf8305a|clients1_29|Число работников компании в разрезе регионов РФ
57238e54-cd4f-4cb0-9af9-3508819c3545|vehicle_tax_49|Отчет по возврату НДС
789370d2-8105-4282-bddc-9358259fd318|property_report_28|Справка о доходах компании в разрезе года
da181956-f13a-4dae-96fe-7a62a1d98bbd|property_report_48|Число работников компании в разрезе регионов РФ
5694fe32-0dcc-4d64-b517-744fe21372b5|tax_summary_30|Список клиентов в разрезе регионов
b35968f3-8b5f-43d2-9e52-76c9b6542a70|vehicle_tax_38|Отчет по транспортному налогу
508aa90e-434d-48fe-967c-a8c246a1e50a|vat_returns_73|Динамика задолженности по налогам
cc9c0167-e5a7-4188-b1f2-dd2d302ca74b|income_regions_1|Отчет по транспортному налогу
490dd53b-1a5b-4559-a00f-02a4d7f8292a|vehicle_tax_60|Динамика задолженности по налогам
afc60e65-2dd4-4748-853c-7cc9b5b42e25|vehicle_tax_85|Динамика задолженности по налогам
a0a9dea9-9f96-47c0-9aeb-6c64d5b8abd4|ndfl2_year_42|Список клиентов в разрезе регионов
3ebee7d5-d633-41cd-a892-8e47e1a87d78|debt_dynamics_64|Динамика задолженности по налогам
f4af2f5a-f879-4bba-b7b6-a9b6acc68e61|vat_returns_96|Число работников компании в разрезе регионов РФ
ca14a1d8-19c9-401a-b7d9-038bd279ed65|ndfl2_year_7|Число работников компании в разрезе регионов РФ
9424cd19-0634-4192-9ee2-df136ab09616|property_report_81|Список клиентов в разрезе регионов
945a8330-f510-48d2-9aab-92442e241126|property_report_4|Отчет по возврату НДС
c1112bd4-3ba0-419a-9f0a-6a94475a05ab|debt_dynamics_35|Справка о доходах компании в разрезе года
8babd2ce-6fb9-4b66-8ab9-4c0d51f3d2de|income_regions_32|Прибыль по филиалам
0654d4ab-7ce4-4d36-8434-baa0e99c69b0|vehicle_tax_72|Прибыль по филиалам
4842c32e-2063-4d6a-b5c2-7e46dced902e|ndfl2_year_54|Отчет по возврату НДС
7c5c76f0-afe5-49e1-b769-2a9225b69614|income_regions_33|Сводный отчет по налоговым начислениям
1d1c2f30-b7ed-446e-a2d7-2b330cef0c3c|income_regions_84|Прибыль по филиалам
db4204e5-1cf1-4c45-8df2-c2bd2ec5b1fc|vehicle_tax_82|Отчет по имуществу организации
c577d1e8-ab87-4fcf-92a8-3b2ea84176f2|vat_returns_1|Прибыль по филиалам
c6b1da57-d9d7-45ff-80f0-c78e2d542798|vat_returns_95|Отчет по имуществу организации
bc9de950-711b-494b-b859-c3f8d0e1ec20|employees_69|Справка о доходах компании в разрезе года
6ab0a161-2261-4736-8639-853e4f39bff8|property_report_59|Справка о доходах компании в разрезе года
3fdb1f26-b2b1-4e45-8abb-abb658bf75a7|vat_returns_83|Список клиентов в разрезе регионов
4dfe72b2-2c7e-4cb5-8fe2-42d6233f11bc|debt_dynamics_12|Доходы компании по регионам
2e43bf87-2cb1-475c-96f6-d4dcd58b3bc6|clients1_81|Число работников компании в разрезе регионов РФ
f9907be9-9fe5-4d86-992d-44e927488c29|clients1_55|Отчет по транспортному налогу
b6b7de5a-e2a7-468f-a05a-163872f013af|clients1_97|Прибыль по филиалам
3cdf508c-14ba-48ad-a782-300477d72601|ndfl2_year_51|Динамика задолженности по налогам
2b2f3c93-6e7e-4bac-acfa-94cc48cd03db|profit_by_branch_5|Доходы компании по регионам
9fd391d8-e423-466e-8331-c756fca0f6b0|ndfl2_year_9|Число работников компании в разрезе регионов РФ
0bc91bc3-3327-4589-b057-5fc2a289c42f|ndfl2_year_86|Сводный отчет по налоговым начислениям
7199e968-326c-4015-abe9-77f5781d3d5c|clients1_44|Сводный отчет по налоговым начислениям
bf26e5fd-60f9-4ed4-84a9-ee2504a54c83|ndfl2_year_55|Список клиентов в разрезе регионов
60a863e7-4713-4611-bf4a-b54f84222147|tax_summary_36|Отчет по транспортному налогу
ade585ff-ad8c-4569-b9fc-a745787348ce|employees_12|Сводный отчет по налоговым начислениям
9bafea2b-9e8b-4430-be8b-b204990a9499|vat_returns_27|Отчет по имуществу организации
8a624828-5394-44cf-8b80-f22067e6034b|tax_summary_19|Динамика задолженности по налогам
89ba1b5e-19f2-44b8-9aba-e9fdf396d577|income_regions_37|Динамика задолженности по налогам
d4318c64-9b91-4b70-86c0-85e78bc76cea|ndfl2_year_21|Отчет по имуществу организации
c068a97f-6dd6-4af7-b471-0809c7ff5d3a|employees_85|Сводный отчет по налоговым начислениям
dd429e2d-f7dd-473e-9bee-b3110917e928|clients1_80|Сводный отчет по налоговым начислениям
ac1d6128-55ad-48ac-a661-b16bccd11563|ndfl2_year_89|Прибыль по филиалам
467a3eaa-877b-48e6-99dc-2dee60ae44fe|profit_by_branch_94|Отчет по возврату НДС
7c0c109c-fba6-4bdb-868f-efe5baea58ce|property_report_58|Отчет по транспортному налогу
b3631bb3-e583-4188-8f35-6843dab78f01|income_regions_22|Список клиентов в разрезе регионов
95252dee-69cf-4cb7-9852-1987f224431a|clients1_61|Список клиентов в разрезе регионов
628d11b4-99f3-4613-917f-f5dc4bc2c6a1|property_report_29|Сводный отчет по налоговым начислениям
2456590d-64da-4729-90b4-3594d9272986|vat_returns_92|Динамика задолженности по налогам
cad5f02c-e0d4-4e37-baf6-7ff5f2b5906a|vehicle_tax_19|Отчет по возврату НДС
4199f1d3-b7e5-4042-b8fb-8bca159fb1d1|employees_94|Прибыль по филиалам
a13c97f7-25ed-4b2c-8761-fc5e639f3e7e|clients1_60|Сводный отчет по налоговым начислениям
bb9ffecf-8dc7-4786-8976-4f72b69305ab|property_report_98|Прибыль по филиалам
a38aade6-e68d-48f5-9c62-c953257d0e02|property_report_95|Динамика задолженности по налогам
53456192-c381-481c-9d4d-ca4695726768|income_regions_54|Доходы компании по регионам
59fa76c0-b0ef-45b9-84cc-d6fb497b0a11|tax_summary_75|Отчет по возврату НДС
b0595c56-8cfe-4fa6-a771-782c62af90d9|income_regions_5|Число работников компании в разрезе регионов РФ
4fc9966c-e665-4bfa-9036-56c53ea2c521|employees_8|Прибыль по филиалам
bf56bc38-b184-4598-9caf-3cd053f2b807|vat_returns_72|Справка о доходах компании в разрезе года
b6dc70cf-eded-465e-8cc5-2d68b94275af|profit_by_branch_34|Сводный отчет по налоговым начислениям
9dfebeb3-a1c6-490b-9188-33403bc9d451|property_report_45|Справка о доходах компании в разрезе года
47bdb211-0443-4055-af6c-7995014721a0|property_report_8|Справка о доходах компании в разрезе года
61e45c64-2a59-439e-831e-3fa9b1a373f0|profit_by_branch_61|Отчет по имуществу организации
9b2888a5-cc3f-4136-8afa-21b84bf9641d|vehicle_tax_51|Отчет по имуществу организации
57b3bfc9-9c21-480f-ac87-d7dfc152d1a6|debt_dynamics_25|Отчет по имуществу организации
8a215969-ca17-4c77-afc8-509f606ab37f|vehicle_tax_58|Прибыль по филиалам
d5d021a3-884a-400d-9f32-3e6ef4e7d385|income_regions_67|Отчет по имуществу организации
89a7727c-049d-4b7c-9e60-fe217b4d9c7c|property_report_95|Справка о доходах компании в разрезе года
31aa9ee1-02ea-44c1-a126-8b77f4911ab5|vat_returns_64|Динамика задолженности по налогам
d36a7d14-76f7-48bf-9d4e-f0ec4607f69f|ndfl2_year_64|Список клиентов в разрезе регионов
120d9cff-5c62-4b29-b78c-b6123cbe45af|ndfl2_year_46|Справка о доходах компании в разрезе года
e79a7315-774c-43b5-a7b5-7b45ac542cf2|ndfl2_year_4|Список клиентов в разрезе регионов
b960ebb5-c981-43f4-90ef-cc91a522668b|property_report_64|Отчет по возврату НДС
944e4201-8316-409e-8901-2954d61af086|profit_by_branch_35|Отчет по транспортному налогу
d87f3b41-6f23-4228-a251-579e01204be8|clients1_68|Прибыль по филиалам
6bfd8a21-3c35-43ed-a641-86088de6b628|property_report_100|Прибыль по филиалам
5bd80461-c1a1-41c5-a2fd-ad1e7bc3c19b|ndfl2_year_12|Отчет по имуществу организации
f729d481-f201-40d0-9ac8-baea998febb4|clients1_83|Динамика задолженности по налогам
ea08718d-acb8-443f-bdd6-e0a4a531f92f|ndfl2_year_55|Динамика задолженности по налогам
6c176025-a477-422a-b7dd-38cc7024e3d9|tax_summary_71|Сводный отчет по налоговым начислениям
3dc5475b-a150-456b-83d3-b99edeaad3eb|property_report_39|Сводный отчет по налоговым начислениям
3c5d3595-368d-409a-85c8-9262da1f4527|vat_returns_56|Динамика задолженности по налогам
5d45078e-bc34-43b7-9e6a-8fdea1971bcd|profit_by_branch_48|Прибыль по филиалам
c370407e-6bd8-47f4-b600-b61b531345b2|income_regions_68|Число работников компании в разрезе регионов РФ
5ac7c7e0-4570-4905-9ffa-2c9c2c211174|tax_summary_93|Число работников компании в разрезе регионов РФ
f4652470-e7f5-469a-8ca7-be366abdd12d|vehicle_tax_51|Отчет по имуществу организации
699432b0-e3ee-46e4-adc0-3fd6d191b184|vat_returns_93|Отчет по возврату НДС
fa7b7b7e-e57f-45bc-a343-aa050887bdce|tax_summary_27|Справка о доходах компании в разрезе года
370d9bd1-2380-41e2-a7b6-5b7d137bf176|profit_by_branch_19|Отчет по транспортному налогу
c3d68271-e674-41c2-b5f3-44ce8de8c5c9|income_regions_49|Число работников компании в разрезе регионов РФ
cf62d135-5e1b-4364-8656-bf7bdc4af74e|clients1_62|Отчет по имуществу организации
a328a3f3-674c-4030-818b-c184b86b8caf|tax_summary_23|Динамика задолженности по налогам
64deca3b-0d6b-4ca0-9af9-b3ca1a2b4329|property_report_37|Список клиентов в разрезе регионов
270631eb-c175-4038-bf00-3b0e0fcea4c1|clients1_30|Отчет по транспортному налогу
327e9c49-dbd2-434b-80c2-9c445c3d4475|property_report_67|Отчет по возврату НДС
7786da9b-31d5-4cf9-b6ca-8834e304e6b9|vat_returns_20|Список клиентов в разрезе регионов
e0e19447-1724-4658-9ba2-ab2ba74f3153|vat_returns_23|Динамика задолженности по налогам
3d46848e-58bc-400d-8c90-721947174a60|clients1_40|Отчет по имуществу организации
5c78f145-f0b6-46dc-b024-5d6404842889|property_report_73|Справка о доходах компании в разрезе года
01cefa4d-f474-4faa-ad15-a8426ba4edb9|clients1_53|Справка о доходах компании в разрезе года
a7205b27-7edb-4d41-a9e1-c6c8f1491548|employees_7|Справка о доходах компании в разрезе года
e8ef5085-2b34-48c4-b64d-507bafaf4bac|employees_98|Сводный отчет по налоговым начислениям
43e4483a-04af-41c4-9746-9a222e4ef343|property_report_26|Справка о доходах компании в разрезе года
06ba1dcd-e182-4395-b8a6-18d591e42342|income_regions_100|Справка о доходах компании в разрезе года
3a6093bf-4803-41eb-b30a-3411b687945c|property_report_29|Число работников компании в разрезе регионов РФ
4e9bf158-883b-496c-8e44-c7947b87efe2|profit_by_branch_63|Отчет по возврату НДС
664acbf5-da59-419c-aeac-1c6d671562aa|income_regions_30|Сводный отчет по налоговым начислениям
4296db7c-4cb2-4eb6-9ae5-529b0c6f47f7|property_report_42|Сводный отчет по налоговым начислениям
535c8659-054d-447d-acc1-34baee924b24|profit_by_branch_40|Доходы компании по регионам
4d07acfa-e9ae-4b3a-9a05-c55755aea913|vehicle_tax_40|Динамика задолженности по налогам
a97945a4-27c0-43d2-952c-76361b0cfe70|tax_summary_41|Число работников компании в разрезе регионов РФ
05cdeeaa-6598-4bb3-a4d0-b634a14e1a13|vehicle_tax_68|Сводный отчет по налоговым начислениям
488fbb29-2889-4893-96d9-1891776952c2|ndfl2_year_52|Прибыль по филиалам
520661e0-b9f5-43b6-bdf1-7d7e17d85fc6|vat_returns_59|Отчет по возврату НДС
69c14478-eca7-40d6-abc4-862f47ebdfd7|ndfl2_year_17|Отчет по возврату НДС
2484c89d-6a7c-40b3-a953-ddfe14c6a9f5|vat_returns_24|Отчет по транспортному налогу
4417f70c-1089-4984-af37-76baf7728c6c|ndfl2_year_14|Отчет по имуществу организации
99733e79-16aa-46d2-9348-352734b59ec6|property_report_24|Динамика задолженности по налогам
62b75173-ee26-4cd8-bb75-6d83e6708041|employees_37|Сводный отчет по налоговым начислениям
488fed9b-350e-420e-9ff4-10b274e939a5|employees_46|Динамика задолженности по налогам
f77c75fa-3a71-4565-8658-fb3f91efaeee|employees_38|Сводный отчет по налоговым начислениям
ec478595-0e46-4185-a658-93f79405e259|debt_dynamics_69|Справка о доходах компании в разрезе года
cee7c1f8-542a-49dc-9019-35442bb86b14|property_report_23|Сводный отчет по налоговым начислениям
6777ee07-0fee-4f6e-b89c-003017c9f8ac|tax_summary_19|Сводный отчет по налоговым начислениям
58883d9d-6ed4-4a32-aa70-8e0be7d9ecb9|property_report_45|Справка о доходах компании в разрезе года
ea4e9256-f1d9-477d-91af-ddbf40dd3f59|property_report_79|Справка о доходах компании в разрезе года
313bb3ec-5978-4725-b085-6d8a65831e7d|clients1_64|Доходы компании по регионам
951b842c-e561-4817-ace0-7d249c08aac9|vehicle_tax_33|Динамика задолженности по налогам
3e8d6164-a971-4528-86cd-8e4449ece671|clients1_73|Число работников компании в разрезе регионов РФ
8b5b5d8e-32bf-4b6b-b1fc-4140a9fa13b7|vat_returns_51|Отчет по имуществу организации
5b452c27-627c-4531-ba11-b23ef722f451|ndfl2_year_73|Доходы компании по регионам
375ba672-af78-4203-9f2e-f852ef794b23|debt_dynamics_96|Отчет по транспортному налогу
2efa16fd-c94f-44de-b687-040684270e17|employees_7|Число работников компании в разрезе регионов РФ
b5bafaa1-3c00-424b-92aa-42dd5f35e6f5|vehicle_tax_2|Отчет по транспортному налогу
eb496cbc-50b0-4c4c-8c7f-6da70785c7eb|clients1_19|Число работников компании в разрезе регионов РФ
8184fc16-ad8b-4d6f-bd81-e5497fee131c|tax_summary_57|Справка о доходах компании в разрезе года
c3cd0117-c98f-4627-97fe-48e27f1e5fc0|debt_dynamics_75|Отчет по имуществу организации
bce188cf-e819-4612-a107-e0936bcb48a3|ndfl2_year_23|Справка о доходах компании в разрезе года
08ab5c9d-5da1-412f-a04e-a8654309fab8|tax_summary_40|Число работников компании в разрезе регионов РФ
74614243-42d6-4da6-8a84-0cb90c91bf29|ndfl2_year_72|Отчет по возврату НДС
07eb068f-7d21-4179-b4ae-6707eeaa0886|vehicle_tax_60|Отчет по возврату НДС
f49f64ab-08d0-4306-bc3e-70b8d758765d|ndfl2_year_97|Доходы компании по регионам
5d9ba599-3adf-4446-8c03-c3ebf61a01de|tax_summary_19|Прибыль по филиалам
6a60ecda-7178-4600-996a-10ab137f8820|tax_summary_85|Динамика задолженности по налогам
12d10358-9aa3-4d8a-9fed-478d03bc77d4|income_regions_44|Прибыль по филиалам
562fdf2a-1032-42b3-bfbf-682bae4155b2|clients1_70|Динамика задолженности по налогам
da62325f-8091-4c21-9e62-c1f7a2610d58|vat_returns_94|Справка о доходах компании в разрезе года
2c5e9514-d010-4656-80d8-ef1ae219a301|ndfl2_year_70|Список клиентов в разрезе регионов
b34d8a44-c2f4-4400-9d97-6ce1533f702f|debt_dynamics_44|Динамика задолженности по налогам
09167118-fc5a-4fd6-840f-904e3f23b744|employees_86|Отчет по транспортному налогу
90d6088b-3f75-405f-9164-cd890aef5484|profit_by_branch_52|Справка о доходах компании в разрезе года
3a781fb4-f6d0-4f3a-9099-16cfdd0ee65a|debt_dynamics_43|Справка о доходах компании в разрезе года
b89e17a8-5de5-4ef2-a2a3-82bfcd2e2078|property_report_79|Отчет по возврату НДС
3bf50d9f-1ea8-4b48-8ea4-fed23b3d6bfa|vehicle_tax_96|Отчет по имуществу организации
a8627e32-2227-4299-8e30-dc729754c256|debt_dynamics_7|Сводный отчет по налоговым начислениям
7a3d731f-9097-4b2e-9c72-7176cd421646|property_report_56|Прибыль по филиалам
cab793fa-4e86-4407-b22c-bc3d53b0fc83|employees_81|Число работников компании в разрезе регионов РФ
b193d75f-5b12-400d-97c6-84ba05730e86|profit_by_branch_100|Доходы компании по регионам
e17cb576-a4fc-456f-96fc-99430466c5ec|clients1_46|Справка о доходах компании в разрезе года
a26ca943-865c-4970-bbc3-c633ffe56ac6|ndfl2_year_35|Сводный отчет по налоговым начислениям
86df9b63-205a-44c2-9f48-65613276b872|employees_39|Динамика задолженности по налогам
75b04aca-5de9-4722-b4f8-a8fc4d49acc1|vehicle_tax_76|Прибыль по филиалам
87f2bde6-a17e-4069-b39f-fcfc9775a495|property_report_93|Сводный отчет по налоговым начислениям
ff7d80ee-68ee-4a51-a300-ba1821f26a2c|income_regions_32|Сводный отчет по налоговым начислениям
5661e86e-ed69-4196-b1be-827dbcaf28b1|profit_by_branch_47|Доходы компании по регионам
ec09a36f-ef4c-4891-b260-dcc041ff7c3c|employees_37|Отчет по транспортному налогу
2056dc69-8854-46a6-8b41-800c23ab9a1f|employees_7|Отчет по возврату НДС
2b692f79-acec-4805-a3e1-ce098db7f3a9|property_report_74|Число работников компании в разрезе регионов РФ
293b7b4c-54a2-4254-8218-ec4efce975a9|tax_summary_88|Число работников компании в разрезе регионов РФ
83ea37ec-ce26-48a3-8273-6df28aa9a425|income_regions_44|Динамика задолженности по налогам
99d4d4b8-6293-4f2d-84a0-3f49f21b1803|vat_returns_72|Доходы компании по регионам
fccb877b-3683-4095-a964-f39c8ba8b080|profit_by_branch_22|Прибыль по филиалам
23072774-0ff0-4848-bab1-b7aa0164f70a|vehicle_tax_23|Число работников компании в разрезе регионов РФ
700b0380-155a-4ea4-8b71-d606bf66034d|ndfl2_year_18|Список клиентов в разрезе регионов
32429a1e-d4a2-4d25-8d94-b514647a2a68|ndfl2_year_26|Отчет по возврату НДС
09a26f41-928c-4d74-a420-8ea1394fea98|vehicle_tax_75|Сводный отчет по налоговым начислениям
2aacd794-f8c8-44c8-bee3-4280ac71d041|employees_50|Отчет по возврату НДС
156c42ea-94a7-408b-9d20-8d6a729d88db|clients1_78|Доходы компании по регионам
96a8f46e-49fd-43e3-a75e-8f3956dd7c01|vehicle_tax_66|Справка о доходах компании в разрезе года
8cbf932c-98e9-40d5-b4de-0b2f8eec94cd|vat_returns_52|Число работников компании в разрезе регионов РФ
d03377a9-e39b-4224-b3b0-18f248cbc00c|ndfl2_year_14|Отчет по транспортному налогу
ff95eacc-a63a-4872-b191-3874621ac675|profit_by_branch_28|Отчет по транспортному налогу
c20f7481-ef38-4ce5-a3e5-f7d4b2137fad|employees_87|Прибыль по филиалам
0c10e65c-2c84-474b-9d6e-071d5db7028b|clients1_29|Список клиентов в разрезе регионов
883e481a-525a-4fac-a495-dbb612e328a6|property_report_22|Доходы компании по регионам
6c8b61ee-8459-4c1e-b751-92ac319fee5a|employees_33|Число работников компании в разрезе регионов РФ
6f4b60ca-5bab-489e-8117-b029b98c457f|vat_returns_84|Отчет по имуществу организации
58f3910a-b74a-45cb-9c78-9f47bd4e8c54|debt_dynamics_56|Отчет по имуществу организации
4dc238bf-c438-4639-87a3-308d3fa1310f|debt_dynamics_75|Доходы компании по регионам
7def867c-34fe-4cc1-92c6-8379d9a9029e|vat_returns_54|Отчет по имуществу организации
058923a8-1a3c-489b-9e37-274cb03f36bd|tax_summary_30|Список клиентов в разрезе регионов
fd96fb9b-e9ce-49b1-810e-cb9239db297b|vat_returns_45|Отчет по имуществу организации
